key,instantiation_moment,title,author,message,link,email
notice-01,2021/08/21 17:00,title estándar,author estándar,message estándar,https://notice.com,noticer@acme.com
notice-02,2021/08/21 00:00,title estándar,author estándar,message estándar,https://notice.com,noticer@acme.com
notice-03,2021/08/21 23:59,title estándar,author estándar,message estándar,https://notice.com,noticer@acme.com
notice-04,2022/01/01 00:00,title estándar,author estándar,message estándar,https://notice.com,noticer@acme.com
notice-05,2021/08/21 12:00,title estándar,author estándar,message estándar,https://notice.com,noticer@acme.com
notice-06,2021/08/21 11:59,title estándar,author estándar,message estándar,https://notice.com,noticer@acme.com
notice-07,2021/08/06 00:00,title estándar,author estándar,message estándar,https://notice.com,noticer@acme.com
notice-08,2021/08/06 00:01,title estándar,author estándar,message estándar,https://notice.com,noticer@acme.com
notice-09,2021/12/31 23:59,title estándar,author estándar,message estándar,https://notice.com,noticer@acme.com
notice-10,2021/12/31 00:00,title estándar,author estándar,message estándar,https://notice.com,noticer@acme.com
notice-11,2021/08/21 17:00,t,author estándar,message estándar,https://notice.com,noticer@acme.com
notice-12,2021/08/21 17:00,ti,author estándar,message estándar,https://notice.com,noticer@acme.com
notice-13,2021/08/21 17:00,Esto es un title de exactamente 75 caracteres - - - - - - - - - - - - - - -,author estándar,message estándar,https://notice.com,noticer@acme.com
notice-14,2021/08/21 17:00,Esto es un title de exactamente 74 caracteres - - - - - - - - - - - - - -,author estándar,message estándar,https://notice.com,noticer@acme.com
notice-15,2021/08/21 17:00,Esto es un title de 38 caracteres - -,author estándar,message estándar,https://notice.com,noticer@acme.com
notice-16,2021/08/21 17:00,練習題目,author estándar,message estándar,https://notice.com,noticer@acme.com
notice-17,2021/08/21 17:00,τίτλος πρακτικής,author estándar,message estándar,https://notice.com,noticer@acme.com
notice-18,2021/08/21 17:00,<script>alert("hi!")</script>,author estándar,message estándar,https://notice.com,noticer@acme.com
notice-19,2021/08/21 17:00,<h1>Hola Mundo!</h1>,author estándar,message estándar,https://notice.com,noticer@acme.com
notice-20,2021/08/21 17:00,title estándar,a,message estándar,https://notice.com,noticer@acme.com
notice-21,2021/08/21 17:00,title estándar,au,message estándar,https://notice.com,noticer@acme.com
notice-22,2021/08/21 17:00,title estándar,Esto es un author de exactamente 75 caracteres - - - - - - - - - - - - - - ,message estándar,https://notice.com,noticer@acme.com
notice-23,2021/08/21 17:00,title estándar,Esto es un author de exactamente 74 caracteres - - - - - - - - - - - - - -,message estándar,https://notice.com,noticer@acme.com
notice-24,2021/08/21 17:00,title estándar,Esto es un author de 38 caracteres - -,message estándar,https://notice.com,noticer@acme.com
notice-25,2021/08/21 17:00,title estándar,專業實踐,message estándar,https://notice.com,noticer@acme.com
notice-26,2021/08/21 17:00,title estándar,περίληψη πρακτικής,message estándar,https://notice.com,noticer@acme.com
notice-27,2021/08/21 17:00,title estándar,<script>alert("hi!")</script>,message estándar,https://notice.com,noticer@acme.com
notice-28,2021/08/21 17:00,title estándar,<h1>Hola Mundo!</h1>,message estándar,https://notice.com,noticer@acme.com
notice-29,2021/08/21 17:00,title estándar,author estándar,m,https://notice.com,noticer@acme.com
notice-30,2021/08/21 17:00,title estándar,author estándar,me,https://notice.com,noticer@acme.com
notice-31,2021/08/21 17:00,title estándar,author estándar,Esto es un message de exactamente 100 caracteres - - - - - - - - - - - - - - - - - - - - - - - - - -,https://notice.com,noticer@acme.com
notice-32,2021/08/21 17:00,title estándar,author estándar,Esto es un message de exactamente 99 caracteres - - - - - - - - - - - - - - - - - - - - - - - - - -,https://notice.com,noticer@acme.com
notice-33,2021/08/21 17:00,title estándar,author estándar,Esto es un message de exactamente 50 caracteres - ,https://notice.com,noticer@acme.com
notice-34,2021/08/21 17:00,title estándar,author estándar,თხა,https://notice.com,noticer@acme.com
notice-35,2021/08/21 17:00,title estándar,author estándar,коза,https://notice.com,noticer@acme.com
notice-36,2021/08/21 17:00,title estándar,author estándar,<script>alert("hi!")</script>,https://notice.com,noticer@acme.com
notice-37,2021/08/21 17:00,title estándar,author estándar,<h1>Hola Mundo!</h1>,https://notice.com,noticer@acme.com
notice-38,2021/08/21 17:00,title estándar,author estándar,message estándar,null,noticer@acme.com
notice-39,2021/08/21 17:00,title estándar,author estándar,message estándar,ftp://user:pass@acme.org,noticer@acme.com
notice-40,2021/08/21 17:00,title estándar,author estándar,message estándar,https://notice.com/a?b,noticer@acme.com
notice-41,2021/08/21 17:00,title estándar,author estándar,message estándar,https://notice.com,null
notice-42,2021/08/21 17:00,title estándar,author estándar,message estándar,https://notice.com,noticer@gmail.com
notice-43,2021/08/21 17:00,title estándar,author estándar,message estándar,https://notice.com,noticer@alum.us.es