key,instantiation_moment,title,description,priority,critical,start_period,end_period,link
objective-01,2021/08/21 17:00,title1,description1,LOW,false,2022/08/21 17:00,2022/09/21 17:01,https://es.objective.com
objective-02,2021/08/21 17:00,title2,description2,MEDIUM,false,2022/08/21 17:00,2022/09/21 17:01,https://es.objective.com
objective-03,2021/08/21 17:00,title3,description3,HIGH,true,2022/08/21 17:00,2022/09/21 17:01,https://es.objective.com
objective-04,2021/08/21 00:00,title estándar,description estándar,LOW,false,2022/08/21 17:00,2022/09/21 17:01,https://es.objective.com
objective-05,2021/08/21 23:59,title estándar,description estándar,LOW,false,2022/08/21 17:00,2022/09/21 17:01,https://es.objective.com
objective-06,2022/01/01 00:00,title estándar,description estándar,LOW,false,2022/08/21 17:00,2022/09/21 17:01,https://es.objective.com
objective-07,2021/08/21 12:00,title estándar,description estándar,LOW,false,2022/08/21 17:00,2022/09/21 17:01,https://es.objective.com
objective-08,2021/08/21 11:59,title estándar,description estándar,LOW,false,2022/08/21 17:00,2022/09/21 17:01,https://es.objective.com
objective-09,2021/08/06 00:00,title estándar,description estándar,LOW,false,2022/08/21 17:00,2022/09/21 17:01,https://es.objective.com
objective-10,2021/08/06 00:01,title estándar,description estándar,LOW,false,2022/08/21 17:00,2022/09/21 17:01,https://es.objective.com
objective-11,2021/12/31 23:59,title estándar,description estándar,LOW,false,2022/08/21 17:00,2022/09/21 17:01,https://es.objective.com
objective-12,2021/12/31 00:00,title estándar,description estándar,LOW,false,2022/08/21 17:00,2022/09/21 17:01,https://es.objective.com
objective-13,2021/08/21 17:00,title estándar,description estándar,LOW,false,2021/08/21 17:01,2022/09/21 17:02,https://es.objective.com
objective-14,2021/08/21 17:00,title estándar,description estándar,LOW,false,2021/08/21 23:59,2022/09/22 17:01,https://es.objective.com
objective-15,2021/08/21 17:00,title estándar,description estándar,LOW,false,2022/01/01 00:00,2022/09/21 17:01,https://es.objective.com
objective-16,2021/08/21 12:00,title estándar,description estándar,LOW,false,2021/08/21 12:01,2022/09/21 17:01,https://es.objective.com
objective-17,2021/08/21 11:00,title estándar,description estándar,LOW,false,2021/08/21 11:59,2022/09/21 17:01,https://es.objective.com
objective-18,2021/08/05 17:00,title estándar,description estándar,LOW,false,2021/08/06 00:00,2022/09/21 17:01,https://es.objective.com
objective-19,2021/08/05 17:00,title estándar,description estándar,LOW,false,2021/08/06 00:01,2022/09/21 17:01,https://es.objective.com
objective-20,2021/08/21 17:00,title estándar,description estándar,LOW,false,2021/12/31 23:59,2022/02/12 17:00,https://es.objective.com
objective-21,2021/08/21 17:00,title estándar,description estándar,LOW,false,2021/12/31 00:00,2022/02/12 17:00,https://es.objective.com
objective-22,2021/08/21 17:00,title estándar,description estándar,LOW,false,2022/08/21 17:00,2023/09/12 00:00,https://es.objective.com
objective-23,2021/08/21 17:00,title estándar,description estándar,LOW,false,2022/08/21 17:00,2023/09/12 23:59,https://es.objective.com
objective-24,2021/08/21 17:00,title estándar,description estándar,LOW,false,2022/08/21 17:00,2023/01/01 00:00,https://es.objective.com
objective-25,2021/08/21 17:00,title estándar,description estándar,LOW,false,2022/08/21 17:00,2023/09/12 12:00,https://es.objective.com
objective-26,2021/08/21 17:00,title estándar,description estándar,LOW,false,2022/08/21 17:00,2023/09/12 11:59,https://es.objective.com
objective-27,2021/08/21 17:00,title estándar,description estándar,LOW,false,2022/08/21 17:00,2023/08/28 17:00,https://es.objective.com
objective-28,2021/08/21 17:00,title estándar,description estándar,LOW,false,2022/08/21 17:00,2023/08/28 17:01,https://es.objective.com
objective-29,2021/08/21 17:00,title estándar,description estándar,LOW,false,2022/08/21 17:00,2023/12/31 00:00,https://es.objective.com
objective-30,2021/08/21 17:00,title estándar,description estándar,LOW,false,2022/08/21 17:00,2023/12/31 23:59,https://es.objective.com
objective-31,2021/08/21 17:00,title estándar,description estándar,LOW,false,2021/08/21 17:01,2022/09/21 17:02,https://es.objective.com
objective-32,2021/08/21 17:00,title estándar,description estándar,LOW,false,2022/08/21 17:00,2022/09/21 17:00,https://es.objective.com
objective-33,2021/08/21 17:00,t,description estándar,LOW,false,2022/08/21 17:00,2022/09/21 17:00,https://es.objective.com
objective-34,2021/08/21 17:00,ti,description estándar,LOW,false,2022/08/21 17:00,2022/09/21 17:00,https://es.objective.com
objective-35,2021/08/21 17:00,Esto es un title de exactamente 75 caracteres - - - - - - - - - - - - - - -,description estándar,LOW,false,2022/08/21 17:00,2022/09/21 17:00,https://es.objective.com
objective-36,2021/08/21 17:00,Esto es un title de exactamente 74 caracteres - - - - - - - - - - - - - -,description estándar,LOW,false,2022/08/21 17:00,2022/09/21 17:00,https://es.objective.com
objective-37,2021/08/21 17:00,Esto es un title de 38 caracteres - -,description estándar,LOW,false,2022/08/21 17:00,2022/09/21 17:00,https://es.objective.com
objective-38,2021/08/21 17:00,練習題目,description estándar,LOW,false,2022/08/21 17:00,2022/09/21 17:00,https://es.objective.com
objective-39,2021/08/21 17:00,τίτλος πρακτικής,description estándar,LOW,false,2022/08/21 17:00,2022/09/21 17:00,https://es.objective.com
objective-40,2021/08/21 17:00,<script>alert("hi!")</script>,description estándar,LOW,false,2022/08/21 17:00,2022/09/21 17:00,https://es.objective.com
objective-41,2021/08/21 17:00,<h1>Hola Mundo!</h1>,description estándar,LOW,false,2022/08/21 17:00,2022/09/21 17:00,https://es.objective.com
objective-42,2021/08/21 17:00,title estándar,d,LOW,false,2022/08/21 17:00,2022/09/21 17:00,https://es.objective.com
objective-43,2021/08/21 17:00,title estándar,de,LOW,false,2022/08/21 17:00,2022/09/21 17:00,https://es.objective.com
objective-44,2021/08/21 17:00,title estándar,Esto es un description de exactamente 100 caracteres - - - - - - - - - - - - - - - - - - - - - - - -,LOW,false,2022/08/21 17:00,2022/09/21 17:00,https://es.objective.com
objective-45,2021/08/21 17:00,title estándar,Esto es un description de exactamente 99 caracteres - - - - - - - - - - - - - - - - - - - - - - - -,LOW,false,2022/08/21 17:00,2022/09/21 17:00,https://es.objective.com
objective-46,2021/08/21 17:00,title estándar,Esto es un description de 50 caracteres - - - - - ,LOW,false,2022/08/21 17:00,2022/09/21 17:00,https://es.objective.com
objective-47,2021/08/21 17:00,title estándar,練習摘要,LOW,false,2022/08/21 17:00,2022/09/21 17:00,https://es.objective.com
objective-48,2021/08/21 17:00,title estándar,Περίληψη της συνεδρίας πρακτικής,LOW,false,2022/08/21 17:00,2022/09/21 17:00,https://es.objective.com
objective-49,2021/08/21 17:00,title estándar,<script>alert("hi!")</script>,LOW,false,2022/08/21 17:00,2022/09/21 17:00,https://es.objective.com
objective-50,2021/08/21 17:00,title estándar,<h1>Hola Mundo!</h1>,LOW,false,2022/08/21 17:00,2022/09/21 17:00,https://es.objective.com
objective-51,2021/08/21 17:00,title estándar,description estándar,LOW,false,2022/08/21 17:00,2022/09/21 17:00,null
objective-52,2021/08/21 17:00,title estándar,description estándar,LOW,false,2022/08/21 17:00,2022/09/21 17:00,ftp://user:pass@acme.org
objective-53,2021/08/21 17:00,title estándar,description estándar,LOW,false,2022/08/21 17:00,2022/09/21 17:00,https://es.objective.com/a?b