key,reference,identification_date,impact,probability,description,link
risk-01,R-001,2021/08/21 17:00,3.0,0.5,description estándar,https://risk.com
risk-02,R-002,2021/08/21 00:00,3.0,0.5,description estándar,https://risk.com
risk-03,R-003,2021/08/21 23:59,3.0,0.5,description estándar,https://risk.com
risk-04,R-004,2022/01/01 00:00,3.0,0.5,description estándar,https://risk.com
risk-05,R-005,2021/08/21 12:00,3.0,0.5,description estándar,https://risk.com
risk-06,R-006,2021/08/21 11:59,3.0,0.5,description estándar,https://risk.com
risk-07,R-007,2021/08/06 00:00,3.0,0.5,description estándar,https://risk.com
risk-08,R-008,2021/08/06 00:01,3.0,0.5,description estándar,https://risk.com
risk-09,R-009,2021/12/31 23:59,3.0,0.5,description estándar,https://risk.com
risk-10,R-010,2021/12/31 00:00,3.0,0.5,description estándar,https://risk.com
risk-11,R-011,2021/08/21 17:00,1.0,0.5,description estándar,https://risk.com
risk-12,R-012,2021/08/21 17:00,1.1,0.5,description estándar,https://risk.com
risk-13,R-013,2021/08/21 17:00,9999.0,0.5,description estándar,https://risk.com
risk-14,R-014,2021/08/21 17:00,10000.0,0.5,description estándar,https://risk.com
risk-15,R-015,2021/08/21 17:00,3.0,0.0,description estándar,https://risk.com
risk-16,R-016,2021/08/21 17:00,3.0,0.1,description estándar,https://risk.com
risk-17,R-017,2021/08/21 17:00,3.0,1.0,description estándar,https://risk.com
risk-18,R-018,2021/08/21 17:00,3.0,0.9,description estándar,https://risk.com
risk-19,R-019,2021/08/21 17:00,3.0,0.5,d,https://risk.com
risk-20,R-020,2021/08/21 17:00,3.0,0.5,de,https://risk.com
risk-21,R-021,2021/08/21 17:00,3.0,0.5,Esto es un description de exactamente 100 caracteres - - - - - - - - - - - - - - - - - - - - - - - -,https://risk.com
risk-22,R-022,2021/08/21 17:00,3.0,0.5,Esto es un description de exactamente 99 caracteres - - - - - - - - - - - - - - - - - - - - - - - -,https://risk.com
risk-23,R-023,2021/08/21 17:00,3.0,0.5,Esto es un description de 50 caracteres - - - - - ,https://risk.com
risk-24,R-024,2021/08/21 17:00,3.0,0.5,專業實踐,https://risk.com
risk-25,R-025,2021/08/21 17:00,3.0,0.5,περίληψη πρακτικής,https://risk.com
risk-26,R-026,2021/08/21 17:00,3.0,0.5,<script>alert("hi!")</script>,https://risk.com
risk-27,R-027,2021/08/21 17:00,3.0,0.5,<h1>Hola Mundo!</h1>,https://risk.com
risk-28,R-028,2021/08/21 17:00,3.0,0.5,description estándar,null
risk-29,R-029,2021/08/21 17:00,3.0,0.5,description estándar,ftp://user:pass@acme.org
risk-30,R-030,2021/08/21 17:00,3.0,0.5,description estándar,https://risk.com/a?b